#use `filmesbd`;
#Retorne todos registros
#SELECT f.id_filme, f.titulo,f.ano,f.genero,f.pais,p.id_produtora as idProdutora,p.nome as produtora,dr.id_diretor as idDiretor,dr.nome as nome_diretor,dr.sobrenome as sobrenome_diretor from diretores as dr 
#INNER JOIN filmes f ON f.id_diretor = dr.id_diretor
#INNER JOIN produtoras p ON p.id_produtora = f.id_produtora;

#Referência https://pt.wikipedia.org/wiki/Lista_de_filmes_brasileiros

#INSERT DE PRODUTORA
use `filmesbd`;
INSERT INTO `filmesbd`.`produtoras`(`id_produtora`,`nome`)VALUES(1,"Conspiração Filmes");
INSERT INTO `filmesbd`.`produtoras`(`id_produtora`,`nome`)VALUES(2,"p&b ");
INSERT INTO `filmesbd`.`produtoras`(`id_produtora`,`nome`)VALUES(3,"Grupo Novo de Cinema e TV e Pacific Sense Productions");
INSERT INTO `filmesbd`.`produtoras`(`id_produtora`,`nome`)VALUES(4,"Globo Filmes, Conspiração Filmes, ZCL Produções e Columbia TriStar do Brasil");
INSERT INTO `filmesbd`.`produtoras`(`id_produtora`,`nome`)VALUES(5,"Black Maria Filmes");
INSERT INTO `filmesbd`.`produtoras`(`id_produtora`,`nome`)VALUES(6,"Casa de Cinema de Porto Alegre");
INSERT INTO `filmesbd`.`produtoras`(`id_produtora`,`nome`)VALUES(7,"Mariquita Filmes");
INSERT INTO `filmesbd`.`produtoras`(`id_produtora`,`nome`)VALUES(8,"PlayArte Pictures");
INSERT INTO `filmesbd`.`produtoras`(`id_produtora`,`nome`)VALUES(9,"Renata Almeida Magalhães");
INSERT INTO `filmesbd`.`produtoras`(`id_produtora`,`nome`)VALUES(10,"Imprensa Oficial do Estado de São Paulo");
INSERT INTO `filmesbd`.`produtoras`(`id_produtora`,`nome`)VALUES(11,"Embrafilme");
INSERT INTO `filmesbd`.`produtoras`(`id_produtora`,`nome`)VALUES(12,"Oca Cinematográfica e Servicine");
INSERT INTO `filmesbd`.`produtoras`(`id_produtora`,`nome`)VALUES(13,"Cinematográfica Apolo");
INSERT INTO `filmesbd`.`produtoras`(`id_produtora`,`nome`)VALUES(14,"Redentor Filmes e Embrafilme");
INSERT INTO `filmesbd`.`produtoras`(`id_produtora`,`nome`)VALUES(15,"Buena Vista International Miramax");
INSERT INTO `filmesbd`.`produtoras`(`id_produtora`,`nome`)VALUES(16,"Cinedistri Ltda.");
INSERT INTO `filmesbd`.`produtoras`(`id_produtora`,`nome`)VALUES(17,"Sincrocinex");
INSERT INTO `filmesbd`.`produtoras`(`id_produtora`,`nome`)VALUES(18,"Imagem Filmes");
INSERT INTO `filmesbd`.`produtoras`(`id_produtora`,`nome`)VALUES(19,"20th Century Fox");
INSERT INTO `filmesbd`.`produtoras`(`id_produtora`,`nome`)VALUES(20,"Europa Filmes");
INSERT INTO `filmesbd`.`produtoras`(`id_produtora`,`nome`)VALUES(21,"Fama Filmes e Lumiére - Casimiro Silveira S.A.");
INSERT INTO `filmesbd`.`produtoras`(`id_produtora`,`nome`)VALUES(22,"Warner Bros.");
INSERT INTO `filmesbd`.`produtoras`(`id_produtora`,`nome`)VALUES(23,"TVM Filmes ");
INSERT INTO `filmesbd`.`produtoras`(`id_produtora`,`nome`)VALUES(24,"Cinedistri");
INSERT INTO `filmesbd`.`produtoras`(`id_produtora`,`nome`)VALUES(25,"Vila Rica Cinematográfica");
INSERT INTO `filmesbd`.`produtoras`(`id_produtora`,`nome`)VALUES(26,"Embrafilme, European Classics Video, Facets Multimedia Distribution");
INSERT INTO `filmesbd`.`produtoras`(`id_produtora`,`nome`)VALUES(27,"Ipanema Filmes");
INSERT INTO `filmesbd`.`produtoras`(`id_produtora`,`nome`)VALUES(28,"Facets Multimedia Distribution");
INSERT INTO `filmesbd`.`produtoras`(`id_produtora`,`nome`)VALUES(29,"Riofilme");
INSERT INTO `filmesbd`.`produtoras`(`id_produtora`,`nome`)VALUES(30,"Waldow Film S.A.");
INSERT INTO `filmesbd`.`produtoras`(`id_produtora`,`nome`)VALUES(31,"Comalt - Comunicação Alternativa");
INSERT INTO `filmesbd`.`produtoras`(`id_produtora`,`nome`)VALUES(32,"Centro de Criação de Imagem Popular (CECIP)");
INSERT INTO `filmesbd`.`produtoras`(`id_produtora`,`nome`)VALUES(33,"Omega Filmes");
INSERT INTO `filmesbd`.`produtoras`(`id_produtora`,`nome`)VALUES(34,"CAM Filmes");
INSERT INTO `filmesbd`.`produtoras`(`id_produtora`,`nome`)VALUES(35,"Olhar Imaginário");
INSERT INTO `filmesbd`.`produtoras`(`id_produtora`,`nome`)VALUES(36,"Eduardo Coutinho Produções Cinematográficas");
INSERT INTO `filmesbd`.`produtoras`(`id_produtora`,`nome`)VALUES(37,"La Sept Cinéma");
INSERT INTO `filmesbd`.`produtoras`(`id_produtora`,`nome`)VALUES(38,"CDK");
INSERT INTO `filmesbd`.`produtoras`(`id_produtora`,`nome`)VALUES(39,"Downtown Filmes e Paris Filmes");
INSERT INTO `filmesbd`.`produtoras`(`id_produtora`,`nome`)VALUES(40,"Movimento Carioca Produções Artísticas");
INSERT INTO `filmesbd`.`produtoras`(`id_produtora`,`nome`)VALUES(41,"Camará Filmes");
INSERT INTO `filmesbd`.`produtoras`(`id_produtora`,`nome`)VALUES(42,"Casé Filmes");
INSERT INTO `filmesbd`.`produtoras`(`id_produtora`,`nome`)VALUES(43,"PlayArte Filmes");
INSERT INTO `filmesbd`.`produtoras`(`id_produtora`,`nome`)VALUES(44,"VideoFilmes");
INSERT INTO `filmesbd`.`produtoras`(`id_produtora`,`nome`)VALUES(45,"Canal Azul");
INSERT INTO `filmesbd`.`produtoras`(`id_produtora`,`nome`)VALUES(46,"Laffilmes Cinematográfica");
INSERT INTO `filmesbd`.`produtoras`(`id_produtora`,`nome`)VALUES(47,"Gullane Filmes");
INSERT INTO `filmesbd`.`produtoras`(`id_produtora`,`nome`)VALUES(48,"2 Pilots Filmproduktion e Conspiração Filmes");
INSERT INTO `filmesbd`.`produtoras`(`id_produtora`,`nome`)VALUES(49,"Alvoroço Filmes e Phoenix Records");
INSERT INTO `filmesbd`.`produtoras`(`id_produtora`,`nome`)VALUES(50,"Gávea Filmes e Globo Filmes");
INSERT INTO `filmesbd`.`produtoras`(`id_produtora`,`nome`)VALUES(51,"Saga Filmes");
INSERT INTO `filmesbd`.`produtoras`(`id_produtora`,`nome`)VALUES(52,"Bananeira Filmes");
INSERT INTO `filmesbd`.`produtoras`(`id_produtora`,`nome`)VALUES(53,"Ponto Filmes");
INSERT INTO `filmesbd`.`produtoras`(`id_produtora`,`nome`)VALUES(54,"Sultana Corporation Metro e United International Pictures");
INSERT INTO `filmesbd`.`produtoras`(`id_produtora`,`nome`)VALUES(55,"FAM Filmes");
INSERT INTO `filmesbd`.`produtoras`(`id_produtora`,`nome`)VALUES(56,"Luz Mágica Produções");
INSERT INTO `filmesbd`.`produtoras`(`id_produtora`,`nome`)VALUES(57,"Globo Filmes");
INSERT INTO `filmesbd`.`produtoras`(`id_produtora`,`nome`)VALUES(58,"Buena Vista International");
INSERT INTO `filmesbd`.`produtoras`(`id_produtora`,`nome`)VALUES(59,"Cinemate");
INSERT INTO `filmesbd`.`produtoras`(`id_produtora`,`nome`)VALUES(60,"Tangerina Entretenimento, Primo Filmes e HBO Latin America Originals");
INSERT INTO `filmesbd`.`produtoras`(`id_produtora`,`nome`)VALUES(61,"Pandora Filmes e Europa Filmes");
INSERT INTO `filmesbd`.`produtoras`(`id_produtora`,`nome`)VALUES(62,"Columbia Pictures do Brasil");
INSERT INTO `filmesbd`.`produtoras`(`id_produtora`,`nome`)VALUES(63,"Matizar e VideoFilmes");
INSERT INTO `filmesbd`.`produtoras`(`id_produtora`,`nome`)VALUES(64,"Canal Brasil");
INSERT INTO `filmesbd`.`produtoras`(`id_produtora`,`nome`)VALUES(65,"Kinoart Filmes");
INSERT INTO `filmesbd`.`produtoras`(`id_produtora`,`nome`)VALUES(66,"Morena Films");
INSERT INTO `filmesbd`.`produtoras`(`id_produtora`,`nome`)VALUES(67,"Paulistania Filmes");
INSERT INTO `filmesbd`.`produtoras`(`id_produtora`,`nome`)VALUES(68,"Natasha Filmes");
INSERT INTO `filmesbd`.`produtoras`(`id_produtora`,`nome`)VALUES(69,"Tambellini Filmes");
INSERT INTO `filmesbd`.`produtoras`(`id_produtora`,`nome`)VALUES(70,"Taiga Filmes");
INSERT INTO `filmesbd`.`produtoras`(`id_produtora`,`nome`)VALUES(71,"Júlio Bressane Produções Cinematográficas");
INSERT INTO `filmesbd`.`produtoras`(`id_produtora`,`nome`)VALUES(72,"Grupo Novo de Cinema e TV");
INSERT INTO `filmesbd`.`produtoras`(`id_produtora`,`nome`)VALUES(73,"Amberg Filmes");
INSERT INTO `filmesbd`.`produtoras`(`id_produtora`,`nome`)VALUES(74,"Canto Claro Produções Artísticas");
INSERT INTO `filmesbd`.`produtoras`(`id_produtora`,`nome`)VALUES(75,"Coevos Filmes");
INSERT INTO `filmesbd`.`produtoras`(`id_produtora`,`nome`)VALUES(76,"Truque Produtora de Cinema");
INSERT INTO `filmesbd`.`produtoras`(`id_produtora`,`nome`)VALUES(77,"Jô Soares Produções");
INSERT INTO `filmesbd`.`produtoras`(`id_produtora`,`nome`)VALUES(78,"Quimera Filmes");
INSERT INTO `filmesbd`.`produtoras`(`id_produtora`,`nome`)VALUES(79,"Agravo Produções Cinematográficas");
INSERT INTO `filmesbd`.`produtoras`(`id_produtora`,`nome`)VALUES(80," Equipe Moacyr Fenelon");
INSERT INTO `filmesbd`.`produtoras`(`id_produtora`,`nome`)VALUES(81,"Tietê Produções Cinematográficas");
INSERT INTO `filmesbd`.`produtoras`(`id_produtora`,`nome`)VALUES(82,"Zazen Produções");
INSERT INTO `filmesbd`.`produtoras`(`id_produtora`,`nome`)VALUES(83,"PAM Filmes");
INSERT INTO `filmesbd`.`produtoras`(`id_produtora`,`nome`)VALUES(84,"Village Roadshow Pictures e Silver Pictures");


#INSERT DE DIRETORES#
INSERT INTO `filmesbd`.`diretores`(`id_diretor`,`nome`,`sobrenome`)VALUES(1,"Breno","Silveira");
INSERT INTO `filmesbd`.`diretores`(`id_diretor`,`nome`,`sobrenome`)VALUES(2,"Vinicius","Mainardi");
INSERT INTO `filmesbd`.`diretores`(`id_diretor`,`nome`,`sobrenome`)VALUES(3,"José Emílio"," Rondeau");
INSERT INTO `filmesbd`.`diretores`(`id_diretor`,`nome`,`sobrenome`)VALUES(4,"Afonso","Poyart");
INSERT INTO `filmesbd`.`diretores`(`id_diretor`,`nome`,`sobrenome`)VALUES(5,"Carlos ","Gerbase");
INSERT INTO `filmesbd`.`diretores`(`id_diretor`,`nome`,`sobrenome`)VALUES(6,"Edyala","Yglesias");
INSERT INTO `filmesbd`.`diretores`(`id_diretor`,`nome`,`sobrenome`)VALUES(7,"Caco ","Souza");
INSERT INTO `filmesbd`.`diretores`(`id_diretor`,`nome`,`sobrenome`)VALUES(8,"Manaíra","Carneiro");
INSERT INTO `filmesbd`.`diretores`(`id_diretor`,`nome`,`sobrenome`)VALUES(9,"Ricardo","Elias");
INSERT INTO `filmesbd`.`diretores`(`id_diretor`,`nome`,`sobrenome`)VALUES(10,"Augusto","Sevá");
INSERT INTO `filmesbd`.`diretores`(`id_diretor`,`nome`,`sobrenome`)VALUES(11,"Francisco ","Ramalho Jr.");
INSERT INTO `filmesbd`.`diretores`(`id_diretor`,`nome`,`sobrenome`)VALUES(12,"José ","Mojica Marins");
INSERT INTO `filmesbd`.`diretores`(`id_diretor`,`nome`,`sobrenome`)VALUES(13,"Jorge Figueira","Gama");
INSERT INTO `filmesbd`.`diretores`(`id_diretor`,`nome`,`sobrenome`)VALUES(14,"Walter","Salles");
INSERT INTO `filmesbd`.`diretores`(`id_diretor`,`nome`,`sobrenome`)VALUES(15,"Anselmo","Duarte");
INSERT INTO `filmesbd`.`diretores`(`id_diretor`,`nome`,`sobrenome`)VALUES(16,"Luiz","de Barros");
INSERT INTO `filmesbd`.`diretores`(`id_diretor`,`nome`,`sobrenome`)VALUES(17,"José","Joffily");
INSERT INTO `filmesbd`.`diretores`(`id_diretor`,`nome`,`sobrenome`)VALUES(18,"Flávia","Moraes");
INSERT INTO `filmesbd`.`diretores`(`id_diretor`,`nome`,`sobrenome`)VALUES(19,"Josip Bogoslaw","Tanko");
INSERT INTO `filmesbd`.`diretores`(`id_diretor`,`nome`,`sobrenome`)VALUES(20,"Reynado Paes","de Barros");
INSERT INTO `filmesbd`.`diretores`(`id_diretor`,`nome`,`sobrenome`)VALUES(21,"Paulo","Thiago");
INSERT INTO `filmesbd`.`diretores`(`id_diretor`,`nome`,`sobrenome`)VALUES(22,"Cícero","Filho");
INSERT INTO `filmesbd`.`diretores`(`id_diretor`,`nome`,`sobrenome`)VALUES(23,"Pedro Carlos","Rovai");
INSERT INTO `filmesbd`.`diretores`(`id_diretor`,`nome`,`sobrenome`)VALUES(24,"Oswaldo","Caldeira");
INSERT INTO `filmesbd`.`diretores`(`id_diretor`,`nome`,`sobrenome`)VALUES(25,"Sylvio","Back");
INSERT INTO `filmesbd`.`diretores`(`id_diretor`,`nome`,`sobrenome`)VALUES(26,"Watson","Macedo");
INSERT INTO `filmesbd`.`diretores`(`id_diretor`,`nome`,`sobrenome`)VALUES(27,"Joaquim Pedro","de Andrade");
INSERT INTO `filmesbd`.`diretores`(`id_diretor`,`nome`,`sobrenome`)VALUES(28,"Geraldo Santos","Pereira");
INSERT INTO `filmesbd`.`diretores`(`id_diretor`,`nome`,`sobrenome`)VALUES(29,"Bruno","Barreto");
INSERT INTO `filmesbd`.`diretores`(`id_diretor`,`nome`,`sobrenome`)VALUES(30,"Victor","Lima");
INSERT INTO `filmesbd`.`diretores`(`id_diretor`,`nome`,`sobrenome`)VALUES(31,"Carlos","Reichenbach");
INSERT INTO `filmesbd`.`diretores`(`id_diretor`,`nome`,`sobrenome`)VALUES(32,"Mara","Mourão");
INSERT INTO `filmesbd`.`diretores`(`id_diretor`,`nome`,`sobrenome`)VALUES(33,"Wallace","Downey");
INSERT INTO `filmesbd`.`diretores`(`id_diretor`,`nome`,`sobrenome`)VALUES(34,"Adhemar","Gonzaga");
INSERT INTO `filmesbd`.`diretores`(`id_diretor`,`nome`,`sobrenome`)VALUES(35,"Nelson","Hoineff");
INSERT INTO `filmesbd`.`diretores`(`id_diretor`,`nome`,`sobrenome`)VALUES(36,"Eduardo","Coutinho");
INSERT INTO `filmesbd`.`diretores`(`id_diretor`,`nome`,`sobrenome`)VALUES(37,"Adriano","Stuart");
INSERT INTO `filmesbd`.`diretores`(`id_diretor`,`nome`,`sobrenome`)VALUES(38,"Antônio","Meliande");
INSERT INTO `filmesbd`.`diretores`(`id_diretor`,`nome`,`sobrenome`)VALUES(39,"Toni","Venturi");
INSERT INTO `filmesbd`.`diretores`(`id_diretor`,`nome`,`sobrenome`)VALUES(40,"Carlos Alberto Prates","Correia");
INSERT INTO `filmesbd`.`diretores`(`id_diretor`,`nome`,`sobrenome`)VALUES(41,"Ana","Carolina");
INSERT INTO `filmesbd`.`diretores`(`id_diretor`,`nome`,`sobrenome`)VALUES(42,"Rodolfo","Brandão");
INSERT INTO `filmesbd`.`diretores`(`id_diretor`,`nome`,`sobrenome`)VALUES(43,"Roberto","Santucci");
INSERT INTO `filmesbd`.`diretores`(`id_diretor`,`nome`,`sobrenome`)VALUES(44,"Roberto","Bomtempo");
INSERT INTO `filmesbd`.`diretores`(`id_diretor`,`nome`,`sobrenome`)VALUES(45,"Paulo","Caldas");
INSERT INTO `filmesbd`.`diretores`(`id_diretor`,`nome`,`sobrenome`)VALUES(46,"Felipe","Joffily");
INSERT INTO `filmesbd`.`diretores`(`id_diretor`,`nome`,`sobrenome`)VALUES(47,"Anna","Muylaert");
INSERT INTO `filmesbd`.`diretores`(`id_diretor`,`nome`,`sobrenome`)VALUES(48,"Eliana","Fonseca");
INSERT INTO `filmesbd`.`diretores`(`id_diretor`,`nome`,`sobrenome`)VALUES(49,"Marcelo","Laffitte");
INSERT INTO `filmesbd`.`diretores`(`id_diretor`,`nome`,`sobrenome`)VALUES(50,"José Mojica","Marins");
INSERT INTO `filmesbd`.`diretores`(`id_diretor`,`nome`,`sobrenome`)VALUES(51,"Toni","Vanzolini");
INSERT INTO `filmesbd`.`diretores`(`id_diretor`,`nome`,`sobrenome`)VALUES(52,"Evandro","Berlesi");
INSERT INTO `filmesbd`.`diretores`(`id_diretor`,`nome`,`sobrenome`)VALUES(53,"Arnaldo","Jabor");
INSERT INTO `filmesbd`.`diretores`(`id_diretor`,`nome`,`sobrenome`)VALUES(54,"René","Sampaio");
INSERT INTO `filmesbd`.`diretores`(`id_diretor`,`nome`,`sobrenome`)VALUES(55,"Matheus","Nachtergaele");
INSERT INTO `filmesbd`.`diretores`(`id_diretor`,`nome`,`sobrenome`)VALUES(56,"Tizuka","Yamasaki");
INSERT INTO `filmesbd`.`diretores`(`id_diretor`,`nome`,`sobrenome`)VALUES(57,"Milton","Alencar");
INSERT INTO `filmesbd`.`diretores`(`id_diretor`,`nome`,`sobrenome`)VALUES(58,"Renata","Magalhães");
INSERT INTO `filmesbd`.`diretores`(`id_diretor`,`nome`,`sobrenome`)VALUES(59,"César","Rodrigues");
INSERT INTO `filmesbd`.`diretores`(`id_diretor`,`nome`,`sobrenome`)VALUES(60,"Tata","Amaral");
INSERT INTO `filmesbd`.`diretores`(`id_diretor`,`nome`,`sobrenome`)VALUES(61,"Jorge","Furtado");
INSERT INTO `filmesbd`.`diretores`(`id_diretor`,`nome`,`sobrenome`)VALUES(62,"Beto","Brant");
INSERT INTO `filmesbd`.`diretores`(`id_diretor`,`nome`,`sobrenome`)VALUES(63,"Moacyr","Góes");
INSERT INTO `filmesbd`.`diretores`(`id_diretor`,`nome`,`sobrenome`)VALUES(64,"Pedro","Bial");
INSERT INTO `filmesbd`.`diretores`(`id_diretor`,`nome`,`sobrenome`)VALUES(65,"Sérgio","Rezende");
INSERT INTO `filmesbd`.`diretores`(`id_diretor`,`nome`,`sobrenome`)VALUES(66,"Luiz Fernando","Carvalho");
INSERT INTO `filmesbd`.`diretores`(`id_diretor`,`nome`,`sobrenome`)VALUES(67,"Maria","Basaglia");
INSERT INTO `filmesbd`.`diretores`(`id_diretor`,`nome`,`sobrenome`)VALUES(68,"Cacá","Diegues");
INSERT INTO `filmesbd`.`diretores`(`id_diretor`,`nome`,`sobrenome`)VALUES(69,"Flávio Ramos","Tambellini");
INSERT INTO `filmesbd`.`diretores`(`id_diretor`,`nome`,`sobrenome`)VALUES(70,"Lúcia","Morat");
INSERT INTO `filmesbd`.`diretores`(`id_diretor`,`nome`,`sobrenome`)VALUES(71,"Júlio","Bressame");
INSERT INTO `filmesbd`.`diretores`(`id_diretor`,`nome`,`sobrenome`)VALUES(72,"Helvécio","Ratton");
INSERT INTO `filmesbd`.`diretores`(`id_diretor`,`nome`,`sobrenome`)VALUES(73,"Luca","Amberg");
INSERT INTO `filmesbd`.`diretores`(`id_diretor`,`nome`,`sobrenome`)VALUES(74,"Cláudio","Torres");
INSERT INTO `filmesbd`.`diretores`(`id_diretor`,`nome`,`sobrenome`)VALUES(75,"Antonio Carlos","da Fontoura");
INSERT INTO `filmesbd`.`diretores`(`id_diretor`,`nome`,`sobrenome`)VALUES(76,"José Alvarenga","Júnior");
INSERT INTO `filmesbd`.`diretores`(`id_diretor`,`nome`,`sobrenome`)VALUES(77,"Edgard","Navarro");
INSERT INTO `filmesbd`.`diretores`(`id_diretor`,`nome`,`sobrenome`)VALUES(78,"Jô","Soares");
INSERT INTO `filmesbd`.`diretores`(`id_diretor`,`nome`,`sobrenome`)VALUES(79,"Arthur","Fontes");
INSERT INTO `filmesbd`.`diretores`(`id_diretor`,`nome`,`sobrenome`)VALUES(80,"Sérgio","Bianchi");
INSERT INTO `filmesbd`.`diretores`(`id_diretor`,`nome`,`sobrenome`)VALUES(81,"Nelson Pereira","dos Santos");
INSERT INTO `filmesbd`.`diretores`(`id_diretor`,`nome`,`sobrenome`)VALUES(82,"Tânia","Lamarca");
INSERT INTO `filmesbd`.`diretores`(`id_diretor`,`nome`,`sobrenome`)VALUES(83,"Mauro","Lima");
INSERT INTO `filmesbd`.`diretores`(`id_diretor`,`nome`,`sobrenome`)VALUES(84,"José","Padilha");
INSERT INTO `filmesbd`.`diretores`(`id_diretor`,`nome`,`sobrenome`)VALUES(85,"Amácio","Mazzaropi");
INSERT INTO `filmesbd`.`diretores`(`id_diretor`,`nome`,`sobrenome`)VALUES(86,"Andy e Lana","Wachowski");


#INSERTT DE FILMES#
INSERT INTO `filmesbd`.`filmes` (`id_filme`,`titulo`,`ano`,`genero`,`pais`,`id_produtora`,`id_diretor`) VALUES (1,"À Beira do Caminho",2012,"Drama","Brasil",1,1);
INSERT INTO `filmesbd`.`filmes` (`id_filme`,`titulo`,`ano`,`genero`,`pais`,`id_produtora`,`id_diretor`) VALUES (2,"16060",1995,"Drama","Brasil",2,2);
INSERT INTO `filmesbd`.`filmes` (`id_filme`,`titulo`,`ano`,`genero`,`pais`,`id_produtora`,`id_diretor`) VALUES (3,"1972",2006,"Comédia Romântica","Brasil",3,3);
INSERT INTO `filmesbd`.`filmes` (`id_filme`,`titulo`,`ano`,`genero`,`pais`,`id_produtora`,`id_diretor`) VALUES (4,"2 Filhos de Francisco",2005,"Drama","Brasil",4,1);
INSERT INTO `filmesbd`.`filmes` (`id_filme`,`titulo`,`ano`,`genero`,`pais`,`id_produtora`,`id_diretor`) VALUES (5,"2 Coelhos",2012,"Ação","Brasil",5,4);
INSERT INTO `filmesbd`.`filmes` (`id_filme`,`titulo`,`ano`,`genero`,`pais`,`id_produtora`,`id_diretor`) VALUES (6,"3 Efes",2007,"Comédia Dramática","Brasil",6,5);
INSERT INTO `filmesbd`.`filmes` (`id_filme`,`titulo`,`ano`,`genero`,`pais`,`id_produtora`,`id_diretor`) VALUES (7,"3 Histórias da Bahia",2001,"Drama","Brasil",7,6);
INSERT INTO `filmesbd`.`filmes` (`id_filme`,`titulo`,`ano`,`genero`,`pais`,`id_produtora`,`id_diretor`) VALUES (8,"400 contra 1 - Uma História do Crime Organizado",2010,"Drama","Brasil",8,7);
INSERT INTO `filmesbd`.`filmes` (`id_filme`,`titulo`,`ano`,`genero`,`pais`,`id_produtora`,`id_diretor`) VALUES (9,"5x Favela - Agora por Nós Mesmos",2010,"Documentário","Brasil",9,8);
INSERT INTO `filmesbd`.`filmes` (`id_filme`,`titulo`,`ano`,`genero`,`pais`,`id_produtora`,`id_diretor`) VALUES (10,"Os 12 Trabalhos",2007,"Drama","Brasil",10,9);
INSERT INTO `filmesbd`.`filmes` (`id_filme`,`titulo`,`ano`,`genero`,`pais`,`id_produtora`,`id_diretor`) VALUES (11,"A Caminho das Índias",1982,"Documentário","Brasil",11,10);
INSERT INTO `filmesbd`.`filmes` (`id_filme`,`titulo`,`ano`,`genero`,`pais`,`id_produtora`,`id_diretor`) VALUES (12,"À Flor da Pele",1976,"Drama","Brasil",12,11);
INSERT INTO `filmesbd`.`filmes` (`id_filme`,`titulo`,`ano`,`genero`,`pais`,`id_produtora`,`id_diretor`) VALUES (13,"À Meia-Noite Levarei Sua Alma",1964,"Terror","Brasil",13,12);
INSERT INTO `filmesbd`.`filmes` (`id_filme`,`titulo`,`ano`,`genero`,`pais`,`id_produtora`,`id_diretor`) VALUES (14,"À Sombra da Violência",1975,"Aventura","Brasil",14,13);
INSERT INTO `filmesbd`.`filmes` (`id_filme`,`titulo`,`ano`,`genero`,`pais`,`id_produtora`,`id_diretor`) VALUES (15,"Abril Despedaçado",2001,"Drama","Brasil",15,14);
INSERT INTO `filmesbd`.`filmes` (`id_filme`,`titulo`,`ano`,`genero`,`pais`,`id_produtora`,`id_diretor`) VALUES (16,"Absolutamente Certo",1957,"Comédia Romântica","Brasil",16,15);
INSERT INTO `filmesbd`.`filmes` (`id_filme`,`titulo`,`ano`,`genero`,`pais`,`id_produtora`,`id_diretor`) VALUES (17,"Acabaram-se os Otários",1929,"Comédia","Brasil",17,16);
INSERT INTO `filmesbd`.`filmes` (`id_filme`,`titulo`,`ano`,`genero`,`pais`,`id_produtora`,`id_diretor`) VALUES (18,"Achados e Perdidos",2006,"Policial","Brasil",18,17);
INSERT INTO `filmesbd`.`filmes` (`id_filme`,`titulo`,`ano`,`genero`,`pais`,`id_produtora`,`id_diretor`) VALUES (19,"Acquária",2003,"Ficção Científica / Aventura","Brasil",19,18);
INSERT INTO `filmesbd`.`filmes` (`id_filme`,`titulo`,`ano`,`genero`,`pais`,`id_produtora`,`id_diretor`) VALUES (20,"Adorável Trapalhão",1967,"Comédia","Brasil",20,19);
INSERT INTO `filmesbd`.`filmes` (`id_filme`,`titulo`,`ano`,`genero`,`pais`,`id_produtora`,`id_diretor`) VALUES (21,"Agnaldo, Perigo à Vista",1969,"Aventura","Brasil",21,20);
INSERT INTO `filmesbd`.`filmes` (`id_filme`,`titulo`,`ano`,`genero`,`pais`,`id_produtora`,`id_diretor`) VALUES (22,"Águia na Cabeça",1984,"Drama","Brasil",22,21);
INSERT INTO `filmesbd`.`filmes` (`id_filme`,`titulo`,`ano`,`genero`,`pais`,`id_produtora`,`id_diretor`) VALUES (23,"Ai que Vida!",2008,"Drama","Brasil",23,22);
INSERT INTO `filmesbd`.`filmes` (`id_filme`,`titulo`,`ano`,`genero`,`pais`,`id_produtora`,`id_diretor`) VALUES (24,"Ainda Agarro Esta Vizinha...",1974,"Comédia","Brasil",11,23);
INSERT INTO `filmesbd`.`filmes` (`id_filme`,`titulo`,`ano`,`genero`,`pais`,`id_produtora`,`id_diretor`) VALUES (25,"Ajuricaba, o Rebelde da Amazônia",1977,"Drama","Brasil",11,24);
INSERT INTO `filmesbd`.`filmes` (`id_filme`,`titulo`,`ano`,`genero`,`pais`,`id_produtora`,`id_diretor`) VALUES (26,"Aleluia, Gretchen",1976,"Drama","Brasil",11,25);
INSERT INTO `filmesbd`.`filmes` (`id_filme`,`titulo`,`ano`,`genero`,`pais`,`id_produtora`,`id_diretor`) VALUES (27,"Aladim e a Lâmpada Maravilhosa",1973,"Comédia","Brasil",11,19);
INSERT INTO `filmesbd`.`filmes` (`id_filme`,`titulo`,`ano`,`genero`,`pais`,`id_produtora`,`id_diretor`) VALUES (28,"Alegria de Viver ",1958,"Comédia","Brasil",24,26);
INSERT INTO `filmesbd`.`filmes` (`id_filme`,`titulo`,`ano`,`genero`,`pais`,`id_produtora`,`id_diretor`) VALUES (29,"O Aleijadinho",1978,"Documentário","Brasil",11,27);
INSERT INTO `filmesbd`.`filmes` (`id_filme`,`titulo`,`ano`,`genero`,`pais`,`id_produtora`,`id_diretor`) VALUES (30,"O Aleijadinho: Paixão, Glória e Suplício",2003,"Drama","Brasil",25,28);
INSERT INTO `filmesbd`.`filmes` (`id_filme`,`titulo`,`ano`,`genero`,`pais`,`id_produtora`,`id_diretor`) VALUES (31,"Além da Paixão",1985,"Drama","Brasil",26,29);
INSERT INTO `filmesbd`.`filmes` (`id_filme`,`titulo`,`ano`,`genero`,`pais`,`id_produtora`,`id_diretor`) VALUES (32,"Ali Babá e os Quarenta Ladrões",1972,"Comédia","Brasil",27,30);
INSERT INTO `filmesbd`.`filmes` (`id_filme`,`titulo`,`ano`,`genero`,`pais`,`id_produtora`,`id_diretor`) VALUES (33,"Alma Corsária",1993,"Drama","Brasil",28,31);
INSERT INTO `filmesbd`.`filmes` (`id_filme`,`titulo`,`ano`,`genero`,`pais`,`id_produtora`,`id_diretor`) VALUES (34,"Alô?!",1998,"Comédia","Brasil",29,32);
INSERT INTO `filmesbd`.`filmes` (`id_filme`,`titulo`,`ano`,`genero`,`pais`,`id_produtora`,`id_diretor`) VALUES (35,"Alô, Alô, Brasil",1935,"Musical","Brasil",30,33);
INSERT INTO `filmesbd`.`filmes` (`id_filme`,`titulo`,`ano`,`genero`,`pais`,`id_produtora`,`id_diretor`) VALUES (36,"Alô, Alô, Carnaval",1936,"Comédia Musical","Brasil",30,34);
INSERT INTO `filmesbd`.`filmes` (`id_filme`,`titulo`,`ano`,`genero`,`pais`,`id_produtora`,`id_diretor`) VALUES (37,"Alô, Alô, Terezinha!",2008,"Documentário","Brasil",31,35);
INSERT INTO `filmesbd`.`filmes` (`id_filme`,`titulo`,`ano`,`genero`,`pais`,`id_produtora`,`id_diretor`) VALUES (38,"Babilônia 2000",2001,"Documentário","Brasil",32,36);
INSERT INTO `filmesbd`.`filmes` (`id_filme`,`titulo`,`ano`,`genero`,`pais`,`id_produtora`,`id_diretor`) VALUES (39,"Bacalhau",1976,"Comédia","Brasil",33,37);
INSERT INTO `filmesbd`.`filmes` (`id_filme`,`titulo`,`ano`,`genero`,`pais`,`id_produtora`,`id_diretor`) VALUES (40,"Bacanal",1981,"Drama","Brasil",34,38);
INSERT INTO `filmesbd`.`filmes` (`id_filme`,`titulo`,`ano`,`genero`,`pais`,`id_produtora`,`id_diretor`) VALUES (41,"Cabra-cega",2005,"Drama","Brasil",35,39);
INSERT INTO `filmesbd`.`filmes` (`id_filme`,`titulo`,`ano`,`genero`,`pais`,`id_produtora`,`id_diretor`) VALUES (42,"Cabra Marcado para Morrer",1984,"Documentário","Brasil",36,36);
INSERT INTO `filmesbd`.`filmes` (`id_filme`,`titulo`,`ano`,`genero`,`pais`,`id_produtora`,`id_diretor`) VALUES (43,"Cabaret Mineiro",1980,"Drama","Brasil",11,40);
INSERT INTO `filmesbd`.`filmes` (`id_filme`,`titulo`,`ano`,`genero`,`pais`,`id_produtora`,`id_diretor`) VALUES (44,"Das Tripas Coração",1982,"Comédia","Brasil",37,41);
INSERT INTO `filmesbd`.`filmes` (`id_filme`,`titulo`,`ano`,`genero`,`pais`,`id_produtora`,`id_diretor`) VALUES (45,"Dedé Mamata",1987,"Drama","Brasil",38,42);
INSERT INTO `filmesbd`.`filmes` (`id_filme`,`titulo`,`ano`,`genero`,`pais`,`id_produtora`,`id_diretor`) VALUES (46,"De Pernas pro Ar",2010,"Comédia","Brasil",39,43);
INSERT INTO `filmesbd`.`filmes` (`id_filme`,`titulo`,`ano`,`genero`,`pais`,`id_produtora`,`id_diretor`) VALUES (47,"De Pernas pro Ar 2",2012,"Comédia","Brasil",39,43);
INSERT INTO `filmesbd`.`filmes` (`id_filme`,`titulo`,`ano`,`genero`,`pais`,`id_produtora`,`id_diretor`) VALUES (48,"Depois Daquele Baile",2006,"Comédia Romântica","Brasil",40,44);
INSERT INTO `filmesbd`.`filmes` (`id_filme`,`titulo`,`ano`,`genero`,`pais`,`id_produtora`,`id_diretor`) VALUES (49,"Deserto Feliz",2007,"Drama","Brasil",41,45);
INSERT INTO `filmesbd`.`filmes` (`id_filme`,`titulo`,`ano`,`genero`,`pais`,`id_produtora`,`id_diretor`) VALUES (50,"E Aí... Comeu?",2012,"Comédia","Brasil",42,46);
INSERT INTO `filmesbd`.`filmes` (`id_filme`,`titulo`,`ano`,`genero`,`pais`,`id_produtora`,`id_diretor`) VALUES (51,"É Proibido Fumar",2009,"Drama","Brasil",43,47);
INSERT INTO `filmesbd`.`filmes` (`id_filme`,`titulo`,`ano`,`genero`,`pais`,`id_produtora`,`id_diretor`) VALUES (52,"Edifício Master",2002,"Documentário","Brasil",44,36);
INSERT INTO `filmesbd`.`filmes` (`id_filme`,`titulo`,`ano`,`genero`,`pais`,`id_produtora`,`id_diretor`) VALUES (53,"Eliana em o Segredo dos Golfinhos",2005,"Aventura","Brasil",45,48);
INSERT INTO `filmesbd`.`filmes` (`id_filme`,`titulo`,`ano`,`genero`,`pais`,`id_produtora`,`id_diretor`) VALUES (54,"Elvis & Madona",2010,"Comédia","Brasil",46,49);
INSERT INTO `filmesbd`.`filmes` (`id_filme`,`titulo`,`ano`,`genero`,`pais`,`id_produtora`,`id_diretor`) VALUES (55,"Encarnação do Demônio",2008,"Terror","Brasil",47,50);
INSERT INTO `filmesbd`.`filmes` (`id_filme`,`titulo`,`ano`,`genero`,`pais`,`id_produtora`,`id_diretor`) VALUES (56,"Eu e Meu Guarda-Chuva",2010,"Fantasia","Brasil",48,51);
INSERT INTO `filmesbd`.`filmes` (`id_filme`,`titulo`,`ano`,`genero`,`pais`,`id_produtora`,`id_diretor`) VALUES (57,"Eu Odeio o Orkut",2011,"Comédia","Brasil",49,52);
INSERT INTO `filmesbd`.`filmes` (`id_filme`,`titulo`,`ano`,`genero`,`pais`,`id_produtora`,`id_diretor`) VALUES (58,"Eu Sei que Vou Te Amar",1986,"Drama","Brasil",11,53);
INSERT INTO `filmesbd`.`filmes` (`id_filme`,`titulo`,`ano`,`genero`,`pais`,`id_produtora`,`id_diretor`) VALUES (59,"Faroeste Caboclo",2013,"Drama","Brasil",50,54);
INSERT INTO `filmesbd`.`filmes` (`id_filme`,`titulo`,`ano`,`genero`,`pais`,`id_produtora`,`id_diretor`) VALUES (60,"Faustão",1970,"Pornô","Brasil",51,36);
INSERT INTO `filmesbd`.`filmes` (`id_filme`,`titulo`,`ano`,`genero`,`pais`,`id_produtora`,`id_diretor`) VALUES (61,"A Festa da Menina Morta",2008,"Drama","Brasil",52,55);
INSERT INTO `filmesbd`.`filmes` (`id_filme`,`titulo`,`ano`,`genero`,`pais`,`id_produtora`,`id_diretor`) VALUES (62,"Fica Comigo",1998,"Drama","Brasil",53,56);
INSERT INTO `filmesbd`.`filmes` (`id_filme`,`titulo`,`ano`,`genero`,`pais`,`id_produtora`,`id_diretor`) VALUES (63,"Gabriela ",1983,"Romance","Brasil",54,29);
INSERT INTO `filmesbd`.`filmes` (`id_filme`,`titulo`,`ano`,`genero`,`pais`,`id_produtora`,`id_diretor`) VALUES (64,"Garrincha - Estrela Solitária",2003,"Drama","Brasil",55,57);
INSERT INTO `filmesbd`.`filmes` (`id_filme`,`titulo`,`ano`,`genero`,`pais`,`id_produtora`,`id_diretor`) VALUES (65,"Giovanni Improtta",2013,"Comédia","Brasil",56,58);
INSERT INTO `filmesbd`.`filmes` (`id_filme`,`titulo`,`ano`,`genero`,`pais`,`id_produtora`,`id_diretor`) VALUES (66,"Gonzaga - de Pai pra Filho",2012,"Biografia","Brasil",57,1);
INSERT INTO `filmesbd`.`filmes` (`id_filme`,`titulo`,`ano`,`genero`,`pais`,`id_produtora`,`id_diretor`) VALUES (67,"High School Musical: O Desafio",2010,"Musical","Brasil",58,59);
INSERT INTO `filmesbd`.`filmes` (`id_filme`,`titulo`,`ano`,`genero`,`pais`,`id_produtora`,`id_diretor`) VALUES (68,"Histórias de Alice",2009,"Drama","Brasil",59,24);
INSERT INTO `filmesbd`.`filmes` (`id_filme`,`titulo`,`ano`,`genero`,`pais`,`id_produtora`,`id_diretor`) VALUES (69,"Hoje",2011,"Drama","Brasil",60,60);
INSERT INTO `filmesbd`.`filmes` (`id_filme`,`titulo`,`ano`,`genero`,`pais`,`id_produtora`,`id_diretor`) VALUES (70,"Ilha das Flores",1989,"Documentário","Brasil",6,61);
INSERT INTO `filmesbd`.`filmes` (`id_filme`,`titulo`,`ano`,`genero`,`pais`,`id_produtora`,`id_diretor`) VALUES (71,"O Invasor",2001,"Suspense","Brasil",61,62);
INSERT INTO `filmesbd`.`filmes` (`id_filme`,`titulo`,`ano`,`genero`,`pais`,`id_produtora`,`id_diretor`) VALUES (72,"Irmãos de Fé",2004,"Drama","Brasil",62,63);
INSERT INTO `filmesbd`.`filmes` (`id_filme`,`titulo`,`ano`,`genero`,`pais`,`id_produtora`,`id_diretor`) VALUES (73,"Jogo de Cena",2007,"Drama","Brasil",63,36);
INSERT INTO `filmesbd`.`filmes` (`id_filme`,`titulo`,`ano`,`genero`,`pais`,`id_produtora`,`id_diretor`) VALUES (74,"Jorge Mautner – O Filho do Holocausto",2012,"Biografia","Brasil",64,64);
INSERT INTO `filmesbd`.`filmes` (`id_filme`,`titulo`,`ano`,`genero`,`pais`,`id_produtora`,`id_diretor`) VALUES (75,"Kung Fu contra as Bonecas",1975,"Comédia","Brasil",65,37);
INSERT INTO `filmesbd`.`filmes` (`id_filme`,`titulo`,`ano`,`genero`,`pais`,`id_produtora`,`id_diretor`) VALUES (76,"Lamarca",1994,"Drama","Brasil",66,65);
INSERT INTO `filmesbd`.`filmes` (`id_filme`,`titulo`,`ano`,`genero`,`pais`,`id_produtora`,`id_diretor`) VALUES (77,"Lavoura Arcaica",2001,"Drama","Brasil",44,66);
INSERT INTO `filmesbd`.`filmes` (`id_filme`,`titulo`,`ano`,`genero`,`pais`,`id_produtora`,`id_diretor`) VALUES (78,"Macumba na Alta",1958,"Comédia","Brasil",67,67);
INSERT INTO `filmesbd`.`filmes` (`id_filme`,`titulo`,`ano`,`genero`,`pais`,`id_produtora`,`id_diretor`) VALUES (79,"O Maior Amor do Mundo",2006,"Drama","Brasil",68,68);
INSERT INTO `filmesbd`.`filmes` (`id_filme`,`titulo`,`ano`,`genero`,`pais`,`id_produtora`,`id_diretor`) VALUES (80,"Malu de Bicicleta",2004,"Romance","Brasil",69,69);
INSERT INTO `filmesbd`.`filmes` (`id_filme`,`titulo`,`ano`,`genero`,`pais`,`id_produtora`,`id_diretor`) VALUES (81,"Maré, Nossa História de Amor",2008,"Musical","Brasil",70,70);
INSERT INTO `filmesbd`.`filmes` (`id_filme`,`titulo`,`ano`,`genero`,`pais`,`id_produtora`,`id_diretor`) VALUES (82,"Matou a Família e Foi ao Cinema",1969,"Drama","Brasil",71,71);
INSERT INTO `filmesbd`.`filmes` (`id_filme`,`titulo`,`ano`,`genero`,`pais`,`id_produtora`,`id_diretor`) VALUES (83,"Menino Maluquinho - O Filme",1995,"Aventura","Brasil",72,72);
INSERT INTO `filmesbd`.`filmes` (`id_filme`,`titulo`,`ano`,`genero`,`pais`,`id_produtora`,`id_diretor`) VALUES (84,"Meninos de Kichute",2009,"Drama","Brasil",73,73);
INSERT INTO `filmesbd`.`filmes` (`id_filme`,`titulo`,`ano`,`genero`,`pais`,`id_produtora`,`id_diretor`) VALUES (85,"A Mulher Invisível",2009,"Comédia","Brasil",57,74);
INSERT INTO `filmesbd`.`filmes` (`id_filme`,`titulo`,`ano`,`genero`,`pais`,`id_produtora`,`id_diretor`) VALUES (86,"No Meio da Rua",2006,"Comédia","Brasil",74,75);
INSERT INTO `filmesbd`.`filmes` (`id_filme`,`titulo`,`ano`,`genero`,`pais`,`id_produtora`,`id_diretor`) VALUES (87,"Os Normais - O Filme",2003,"Comédia","Brasil",57,76);
INSERT INTO `filmesbd`.`filmes` (`id_filme`,`titulo`,`ano`,`genero`,`pais`,`id_produtora`,`id_diretor`) VALUES (88,"Os Normais 2 - A Noite mais Maluca de Todas",2009,"Comédia","Brasil",57,76);
INSERT INTO `filmesbd`.`filmes` (`id_filme`,`titulo`,`ano`,`genero`,`pais`,`id_produtora`,`id_diretor`) VALUES (89,"Olhos Azuis",2010,"Drama","Brasil",75,17);
INSERT INTO `filmesbd`.`filmes` (`id_filme`,`titulo`,`ano`,`genero`,`pais`,`id_produtora`,`id_diretor`) VALUES (90,"O Homem Que Não Dormia",2012,"Drama","Brasil",76,77);
INSERT INTO `filmesbd`.`filmes` (`id_filme`,`titulo`,`ano`,`genero`,`pais`,`id_produtora`,`id_diretor`) VALUES (91,"O Pai do Povo",1976,"Comédia","Brasil",77,78);
INSERT INTO `filmesbd`.`filmes` (`id_filme`,`titulo`,`ano`,`genero`,`pais`,`id_produtora`,`id_diretor`) VALUES (92,"Pequenas Histórias",2007,"Comédia","Brasil",78,72);
INSERT INTO `filmesbd`.`filmes` (`id_filme`,`titulo`,`ano`,`genero`,`pais`,`id_produtora`,`id_diretor`) VALUES (93,"Podecrer!",2007,"Comédia Romântica","Brasil",1,79);
INSERT INTO `filmesbd`.`filmes` (`id_filme`,`titulo`,`ano`,`genero`,`pais`,`id_produtora`,`id_diretor`) VALUES (94,"Quanto Vale ou É por Quilo?",2005,"Drama","Brasil",79,80);
INSERT INTO `filmesbd`.`filmes` (`id_filme`,`titulo`,`ano`,`genero`,`pais`,`id_produtora`,`id_diretor`) VALUES (95,"Rio, 40 Graus",1955,"Drama","Brasil",80,81);
INSERT INTO `filmesbd`.`filmes` (`id_filme`,`titulo`,`ano`,`genero`,`pais`,`id_produtora`,`id_diretor`) VALUES (96,"Salve Geral",2009,"Drama Policial","Brasil",57,65);
INSERT INTO `filmesbd`.`filmes` (`id_filme`,`titulo`,`ano`,`genero`,`pais`,`id_produtora`,`id_diretor`) VALUES (97,"Tainá - Uma Aventura na Amazônia",2000,"Aventura","Brasil",81,82);
INSERT INTO `filmesbd`.`filmes` (`id_filme`,`titulo`,`ano`,`genero`,`pais`,`id_produtora`,`id_diretor`) VALUES (98,"Tainá 2 - A Aventura Continua",2004,"Aventura","Brasil",81,83);
INSERT INTO `filmesbd`.`filmes` (`id_filme`,`titulo`,`ano`,`genero`,`pais`,`id_produtora`,`id_diretor`) VALUES (99,"Tropa de Elite",2007,"Policial","Brasil",82,84);
INSERT INTO `filmesbd`.`filmes` (`id_filme`,`titulo`,`ano`,`genero`,`pais`,`id_produtora`,`id_diretor`) VALUES (100,"Tropa de Elite 2: o Inimigo agora É Outro",2010,"Policial","Brasil",82,84);
INSERT INTO `filmesbd`.`filmes` (`id_filme`,`titulo`,`ano`,`genero`,`pais`,`id_produtora`,`id_diretor`) VALUES (101,"Zé do Periquito",1960,"Comédia","Brasil",83,85);
INSERT INTO `filmesbd`.`filmes` (`id_filme`,`titulo`,`ano`,`genero`,`pais`,`id_produtora`,`id_diretor`) VALUES (102,"Matrix",1999,"Ação e Ficção Científica","EUA",84,86);
INSERT INTO `filmesbd`.`filmes` (`id_filme`,`titulo`,`ano`,`genero`,`pais`,`id_produtora`,`id_diretor`) VALUES (103,"The Matrix Reloaded",2002,"Ação e Ficção Científica","EUA",84,86);
INSERT INTO `filmesbd`.`filmes` (`id_filme`,`titulo`,`ano`,`genero`,`pais`,`id_produtora`,`id_diretor`) VALUES (104,"The Matrix Revolutions",2003,"Ação e Ficção Científica","EUA",84,86);

/*
UPDATE filmes
SET produtora = "Grupo Novo de Cinema e TV e Pacific Sense Productions"
WHERE id_filme = 3;

UPDATE filmes
SET produtore = "Globo Filmes, Conspiração Filmes, ZCL Produções e Columbia TriStar do Brasil"
WHERE id_filme = 4;
*/